gene_name,annotation,NMDeff_Norm,pred_nmdetective_ai,pred_nmdetective_b,ASE_NMD_efficiency_CI_lower_scaled,ASE_NMD_efficiency_CI_upper_scaled
CASP8,CASP8 (Q323X),0.1883324677149092,0.5264086127281189,-0.13402947107611754,-0.16434395918010367,0.7340223509292438
CASP8,CASP8 (R416X),-0.5920721846001404,-0.5550957918167114,-0.13402947107611754,-0.97070137060582,-0.1511941700762987
CASP8,CASP8 (Q397X),0.1582839205197194,0.5300210118293762,-0.13402947107611754,-0.1308716598188964,0.7371781612960022
CASP8,CASP8 (R490X),-0.5694765545934362,-0.551548957824707,-0.13402947107611754,-0.9763755198907914,-0.10088501220293707
EP300,EP300 (Q1081X),-0.6026878189723597,-0.23143954575061798,0.4910795055049594,-1.2383218147004127,-0.37096311256151776
CTCF,CTCF (R456X),0.5624811229342397,0.7667241096496582,0.4910795055049594,0.2992827270841297,1.0001708466376409
FBXW7,FBXW7 (R657X),-0.3719382970739415,-0.6602270603179932,-0.5016059563748914,-1.812560616806644,-0.22556828793640632
FBXW7,FBXW7 (R223X),-0.0250834517341687,-0.030004365369677544,0.4910795055049594,-0.32236798025286745,0.3196244003653482
CDKN1A,CDKN1A (Q9X),-0.6233311795528276,-0.39191824197769165,-0.39064934551738123,-0.9578828425846686,-0.26219775748872964
RB1,RB1 (R319X),0.636252334372174,0.6661725044250488,0.4910795055049594,-0.8608048629615483,1.0441675994767472
RB1,RB1 (R551X),0.5168013318989693,0.7555540204048157,0.4910795055049594,0.2769875425752278,0.7139112187110924
ARHGAP35,ARHGAP35 (R996X),0.3822674632469737,0.2890143394470215,-0.13402947107611754,0.2922796887971263,0.4920485959790921
PBRM1,PBRM1 (R677X),-0.7856129750039617,0.27450069785118103,-0.13402947107611754,-1.055252084492535,-0.18184206736835382
PBRM1,PBRM1 (R57X),0.0750527879667465,0.14830182492733002,0.4910795055049594,-0.3350576462188522,0.44623957690472454
KMT2D,KMT2D (R4197X),-0.1332283713726138,-0.5762968063354492,-0.13402947107611754,-0.2794299528386554,-0.01829447586632424
KMT2D,KMT2D (Q3987X),-0.4105698248704851,-0.6489318013191223,-0.13402947107611754,-0.5297899727543209,-0.2334602237392227
PTEN,PTEN (Q16X),-1.164588604185019,-0.5483092069625854,-0.39064934551738123,-1.232254318687327,-0.16003460464769048
PTEN,PTEN (G35X),-0.4437202470554344,-0.3185393810272217,-0.39064934551738123,-0.8840868518933412,0.015996671044632444
PTEN,PTEN (R129X),0.1053882404716873,0.17138242721557617,0.4910795055049594,-0.6521363263217719,0.5840071886110948
PTEN,PTEN (L139X),-0.3516632390879782,0.204734206199646,0.4910795055049594,-0.3971644395599252,0.09000259445880499
PTEN,PTEN (Q213X),0.960668628706738,0.19870054721832275,0.4910795055049594,-0.19728939272275464,1.112624240545692
PTEN,PTEN (R232X),0.2860599779791862,0.18734011054039001,0.4910795055049594,-0.4045328716979404,0.7103935234054545
PTEN,PTEN (Q244X),-0.4529377760095926,0.2293878197669983,0.4910795055049594,-1.2686573321220491,0.3944832508333921
PTEN,PTEN (Q297X),-0.3146105227160114,0.15118008852005005,0.4910795055049594,-1.0535018347834832,0.05161028997919573
PTEN,PTEN (R334X),-0.9580739715061812,-0.43939197063446045,-0.3427827509948577,-1.22127236735629,-0.32570215022297805
