data_type,gene,position,NMDeff_Norm
DMS,EPHA5,12,0.7358005532202512
DMS,EPHA5,81,0.4745164393535235
DMS,EPHA5,93,0.8221732431091209
DMS,EPHA5,99,0.4509446701671888
DMS,EPHA5,123,0.6632354975383289
DMS,EPHA5,129,0.2095381686246236
DMS,EPHA5,141,0.4985850323476916
DMS,EPHA5,189,-0.1466087619212468
DMS,EPHA5,198,0.2329735015988459
DMS,EPHA5,225,-0.3175314096004609
DMS,EPHA5,222,0.6038686365812246
DMS,EPHA5,216,0.5
DMS,EPHA5,213,0.3670078704847657
DMS,EPHA5,210,0.5925244799864421
DMS,EPHA5,177,0.426847501025334
DMS,EPHA5,171,0.7205387690304387
DMS,EPHA5,165,0.4982451750893421
DMS,EPHA5,162,0.5785360763957209
DMS,EPHA5,156,0.8124549421178745
DMS,EPHA5,144,0.4745319719852966
DMS,EPHA5,138,0.2484166159316415
DMS,EPHA5,132,0.7983433237513983
DMS,EPHA5,120,0.8331945210128737
DMS,EPHA5,117,0.88000955584148
DMS,EPHA5,108,0.7561361066538806
DMS,EPHA5,105,0.9125777704698996
DMS,EPHA5,102,0.4281948867920785
DMS,EPHA5,90,0.3068147881476645
DMS,EPHA5,87,0.060208716985447
DMS,EPHA5,84,0.8721532489451859
DMS,EPHA5,78,0.3638549347773726
DMS,EPHA5,72,0.5051586948319398
DMS,EPHA5,69,0.2344358735421169
DMS,EPHA5,66,0.665591164213355
DMS,EPHA5,63,0.4391961114685052
DMS,EPHA5,60,0.7549225896452831
DMS,EPHA5,57,0.6849279926598487
DMS,EPHA5,54,0.7038620711840744
DMS,EPHA5,51,0.2839013976301902
DMS,EPHA5,45,0.7001212464976521
DMS,EPHA5,42,0.4738448994402969
DMS,EPHA5,39,-0.0522002686358817
DMS,EPHA5,36,0.6244825682358948
DMS,EPHA5,33,0.4191870079698369
DMS,EPHA5,30,0.1205912208624275
DMS,EPHA5,27,0.6168185127882295
DMS,EPHA5,24,0.4124878080071255
DMS,EPHA5,21,0.2428911155329494
DMS,EPHA5,18,0.3189407351387974
DMS,EPHA5,15,0.2507623296839346
DMS,EPHA5,9,0.417156735214402
DMS,EPHA5,6,0.4222043921988664
DMS,EPHA5,3,0.365490518026264
DMS,NF2,21,-0.5955119116185807
DMS,NF2,33,-0.7651728705503507
DMS,NF2,39,-0.7630222686940193
DMS,NF2,66,-0.9589033191599176
DMS,NF2,105,-0.7760124270631792
DMS,NF2,111,-0.7889181657224933
DMS,NF2,123,-0.514369021449036
DMS,NF2,141,-0.3834173185469979
DMS,NF2,147,-0.6287958939959042
DMS,NF2,153,-0.390554033290024
DMS,NF2,180,0.3240645912004661
DMS,NF2,183,0.0661424562848728
DMS,NF2,186,-0.0556646213285051
DMS,NF2,222,0.249334619033079
DMS,NF2,249,0.5290722987605604
DMS,NF2,246,0.3992851095051049
DMS,NF2,243,0.4544552095907231
DMS,NF2,240,1.2085960480087088
DMS,NF2,237,0.5
DMS,NF2,234,0.4951359485042929
DMS,NF2,231,0.3459118700266231
DMS,NF2,228,0.8392479286290604
DMS,NF2,225,0.3671003346771621
DMS,NF2,219,0.3887913626189034
DMS,NF2,216,0.3790794477323402
DMS,NF2,213,0.530205225774734
DMS,NF2,210,0.9845579188892836
DMS,NF2,207,0.2193982536208223
DMS,NF2,204,0.4629128818331888
DMS,NF2,201,-0.1675223492231579
DMS,NF2,198,0.1704174029675928
DMS,NF2,195,-0.0319833049316465
DMS,NF2,192,0.3273673067106633
DMS,NF2,189,-0.0679757936810918
DMS,NF2,177,0.1862248014423448
DMS,NF2,174,0.5843865347646582
DMS,NF2,171,0.2274282905360702
DMS,NF2,168,0.4541503048478039
DMS,NF2,165,-0.0548625325109832
DMS,NF2,162,0.0345692294290941
DMS,NF2,159,0.2808023129530219
DMS,NF2,156,-0.4952410184929043
DMS,NF2,150,-0.3686039244139765
DMS,NF2,144,-0.5593144886139505
DMS,NF2,138,-0.190824482632544
DMS,NF2,135,-0.6245684675179879
DMS,NF2,132,0.0980700024099943
DMS,NF2,129,-0.5012205966489409
DMS,NF2,126,-0.7364212508176224
DMS,NF2,120,-0.5646359598502619
DMS,NF2,117,-0.5192405495866732
DMS,NF2,114,-0.6761467902365694
DMS,NF2,108,-0.9715251233463242
DMS,NF2,102,-0.8012669062865863
DMS,NF2,99,-0.733734216610495
DMS,NF2,96,-0.8468815083406198
DMS,NF2,93,-1.040071651952917
DMS,NF2,90,-0.7972946606560356
DMS,NF2,87,-0.8258407132324976
DMS,NF2,84,-0.8794262188817636
DMS,NF2,81,-0.9109326658217396
DMS,NF2,78,-0.834117091181622
DMS,NF2,75,-0.984461277549753
DMS,NF2,72,-0.9815739040378058
DMS,NF2,69,-0.7325732441118489
DMS,NF2,63,-0.8530512170627815
DMS,NF2,60,-0.9422515045055626
DMS,NF2,57,-0.8122057959601863
DMS,NF2,54,-0.8313206199684247
DMS,NF2,51,-0.8462042391235522
DMS,NF2,48,-0.6795777536351735
DMS,NF2,45,-0.5392947749491188
DMS,NF2,42,-0.5612119645597824
DMS,NF2,36,-0.6607167349102732
DMS,NF2,30,-0.616850621674677
DMS,NF2,27,-0.7668839774869014
DMS,NF2,24,-0.6267501386211591
DMS,NF2,18,-0.6910638548944132
DMS,NF2,15,-0.9605347057877957
DMS,NF2,12,-0.7482392175206531
DMS,NF2,9,-0.7097450053450511
DMS,NF2,6,-1.0050545310426031
DMS,NF2,3,-0.5141701311778797
DMS,KDM6A,9,-0.8245691158211372
DMS,KDM6A,12,-0.8153946751379189
DMS,KDM6A,21,-0.7020141372300586
DMS,KDM6A,54,-0.6807134167294047
DMS,KDM6A,114,1.0480031687418587
DMS,KDM6A,171,0.6543039089664544
DMS,KDM6A,177,0.7372187367181919
DMS,KDM6A,186,0.5832907400126447
DMS,KDM6A,237,0.675864580529754
DMS,KDM6A,240,0.485737554667113
DMS,KDM6A,246,0.1034251395579303
DMS,KDM6A,249,0.3118163278875605
DMS,KDM6A,243,0.613857593957736
DMS,KDM6A,234,0.7621616754742693
DMS,KDM6A,231,0.2845540664690887
DMS,KDM6A,228,0.5
DMS,KDM6A,225,0.2083921007251395
DMS,KDM6A,222,0.7145226782356783
DMS,KDM6A,219,0.3978176327498985
DMS,KDM6A,216,0.3734455176582497
DMS,KDM6A,213,0.4134859961348129
DMS,KDM6A,210,0.5061249506658586
DMS,KDM6A,207,1.0382378657722948
DMS,KDM6A,204,0.9799339728027472
DMS,KDM6A,201,1.3448297428398406
DMS,KDM6A,198,0.3255241770512165
DMS,KDM6A,195,0.7360727608770468
DMS,KDM6A,192,0.6041887468832604
DMS,KDM6A,189,0.5495697403241078
DMS,KDM6A,183,0.4805068795083909
DMS,KDM6A,180,0.4122694991800769
DMS,KDM6A,174,0.4636349431858486
DMS,KDM6A,168,0.761653312507707
DMS,KDM6A,165,0.6379469775311188
DMS,KDM6A,162,0.381614659592266
DMS,KDM6A,159,0.8656427853958691
DMS,KDM6A,156,0.636566395881385
DMS,KDM6A,153,1.009323230637584
DMS,KDM6A,150,0.2680999023964295
DMS,KDM6A,147,0.7671273151174662
DMS,KDM6A,144,0.3500445596218977
DMS,KDM6A,141,0.5464146691288018
DMS,KDM6A,138,0.3252367452466012
DMS,KDM6A,135,0.5482748884451984
DMS,KDM6A,132,0.2054937395193213
DMS,KDM6A,129,0.4779296469999842
DMS,KDM6A,126,0.2418467703277584
DMS,KDM6A,123,0.3096758825445196
DMS,KDM6A,120,0.4386512832201528
DMS,KDM6A,117,0.1316025033549832
DMS,KDM6A,111,-0.0707833937737858
DMS,KDM6A,108,0.2721245964952989
DMS,KDM6A,105,0.0200209429534694
DMS,KDM6A,102,0.6450674360107166
DMS,KDM6A,99,0.1313715431451382
DMS,KDM6A,96,0.4988745960995144
DMS,KDM6A,93,-0.1900141386605036
DMS,KDM6A,90,-0.4717478985518749
DMS,KDM6A,87,1.058554308691397
DMS,KDM6A,84,-0.5396644414057925
DMS,KDM6A,81,-0.4653597730111515
DMS,KDM6A,78,-0.401929032083916
DMS,KDM6A,75,-0.1241231917328445
DMS,KDM6A,72,-0.2493075246705803
DMS,KDM6A,69,-0.7863357797174528
DMS,KDM6A,66,-0.5449407376677462
DMS,KDM6A,63,-0.4913993722217
DMS,KDM6A,60,0.1809052647589178
DMS,KDM6A,57,-0.8158043798906667
DMS,KDM6A,51,-0.7305268093642652
DMS,KDM6A,48,-0.7273671423334176
DMS,KDM6A,45,-0.8806048966775022
DMS,KDM6A,42,-0.5998740968994507
DMS,KDM6A,39,-0.6621527007156474
DMS,KDM6A,36,-0.7399944722331073
DMS,KDM6A,33,-0.8285321051627319
DMS,KDM6A,30,-0.8109953921167659
DMS,KDM6A,27,-0.8625644293355719
DMS,KDM6A,24,-0.6910816708385477
DMS,KDM6A,18,-1.128656151428879
DMS,KDM6A,15,-1.1373388793124342
DMS,KDM6A,6,-0.867732562802793
DMS,KDM6A,3,-0.4759690146076848
DMS,TP63,9,-0.0091188199642021
DMS,TP63,18,0.1695770121273818
DMS,TP63,24,-0.3216000057901155
DMS,TP63,42,-0.1962981214348286
DMS,TP63,87,0.4759815783580238
DMS,TP63,90,0.216467590560115
DMS,TP63,93,-0.0328247088561752
DMS,TP63,105,0.032954960341221
DMS,TP63,114,0.3817624548297225
DMS,TP63,123,0.0729133351718239
DMS,TP63,147,0.464032379837154
DMS,TP63,165,-0.1216339103452802
DMS,TP63,177,0.3061571220457556
DMS,TP63,201,0.7903892057550443
DMS,TP63,204,0.4534907745645293
DMS,TP63,222,0.2184376810615749
DMS,TP63,249,0.572180217302833
DMS,TP63,246,-0.3184391716542676
DMS,TP63,240,0.0290791236914126
DMS,TP63,234,0.5
DMS,TP63,231,0.6647928679338491
DMS,TP63,219,0.0688245879428579
DMS,TP63,216,0.1763757138769568
DMS,TP63,213,-0.2558613397310008
DMS,TP63,192,-0.0313930104859215
DMS,TP63,189,-0.0106131007440686
DMS,TP63,186,-0.0024534540966192
DMS,TP63,180,0.1136362801783173
DMS,TP63,174,0.2947225216735658
DMS,TP63,171,0.729882970601916
DMS,TP63,168,0.2518184592416999
DMS,TP63,159,0.0204886577374613
DMS,TP63,150,0.3778785188164308
DMS,TP63,144,-0.1159409717610376
DMS,TP63,141,0.0643378782678423
DMS,TP63,138,-0.0606850626813126
DMS,TP63,135,0.2870002362283368
DMS,TP63,129,-0.143739070691807
DMS,TP63,126,-0.4328317374218439
DMS,TP63,117,0.5917862022032888
DMS,TP63,111,0.415355662495666
DMS,TP63,108,0.076138476483377
DMS,TP63,102,-0.0526808397209919
DMS,TP63,99,-0.1880456658187995
DMS,TP63,96,-0.2613608017825642
DMS,TP63,84,-0.0770474198050056
DMS,TP63,81,0.0616739316725242
DMS,TP63,78,0.0264542518777259
DMS,TP63,75,-0.432020168808341
DMS,TP63,72,-0.2063273959379605
DMS,TP63,69,-0.3009496593087063
DMS,TP63,63,-0.1386547855531066
DMS,TP63,60,-0.1947721154924566
DMS,TP63,57,-0.3593735786488432
DMS,TP63,54,-0.1245444099742075
DMS,TP63,51,-0.1122023728505147
DMS,TP63,48,-0.3371152920903704
DMS,TP63,45,0.1460572355435524
DMS,TP63,39,-0.3062368547468974
DMS,TP63,36,0.0032290456030815
DMS,TP63,33,-0.2790871581050823
DMS,TP63,30,-0.298614496415762
DMS,TP63,27,-0.155664815137864
DMS,TP63,21,0.1902255329325959
DMS,TP63,15,0.0663808679091224
DMS,TP63,12,-0.1999045396184793
DMS,TP63,6,0.3153225688948023
DMS,TP63,3,-0.0498515532506299
PTC,,94,-0.6357922916957095
PTC,,73,-0.1822425200334896
PTC,,70,1.7792512837292311
PTC,,133,-0.2490359501965153
PTC,,52,-0.7171126204597572
PTC,,247,0.410718203426671
PTC,,91,-0.7947724759619531
PTC,,97,-0.3359574430959422
PTC,,187,0.6090217965315656
PTC,,175,-1.7760433361475971
PTC,,205,-0.2517460089173323
PTC,,73,-0.5259418574649068
PTC,,208,-0.2550243050806406
PTC,,160,1.4765961415706057
PTC,,235,0.9421537357967652
PTC,,130,0.634008287782045
PTC,,91,-0.5188886585024537
PTC,,226,1.3376433583895957
PTC,,190,-0.9247818736982998
PTC,,130,0.1237149614164847
PTC,,118,0.6090491175830081
PTC,,202,0.7960773530783783
PTC,,130,0.2329523741015737
PTC,,112,-0.1381642917736361
PTC,,31,-0.8982719685061025
PTC,,202,-0.0561674745566236
PTC,,121,-0.008822744715249
PTC,,67,0.1826448323295172
PTC,,187,-0.698439323504973
PTC,,220,-0.6536137630936516
PTC,,166,0.1866180601612205
PTC,,28,-1.5874245405472345
PTC,,58,-0.4467598404203148
PTC,,19,-0.9796659821939528
PTC,,193,-0.2456936904625067
PTC,,85,-0.8528054040646253
PTC,,166,-1.078504747830864
PTC,,217,-0.4560317849952211
PTC,,34,0.0316447946699337
PTC,,31,0.3790046386494515
PTC,,46,0.0472485883734309
PTC,,103,0.4196557469718455
PTC,,34,0.1414940062952128
PTC,,73,-0.4647184344764312
PTC,,169,0.123602625656759
PTC,,16,-0.993038894742696
PTC,,187,0.6264239390049197
PTC,,67,0.0139816904167342
PTC,,55,-0.356980263248346
PTC,,91,-0.8930133654034975
PTC,,70,-0.2550746709907798
PTC,,157,0.1642607756254644
PTC,,82,1.4133190116816663
PTC,,28,-0.8123920928801913
PTC,,115,0.0947917157184618
PTC,,190,0.9686612637882842
PTC,,247,0.4701106611723293
PTC,,28,-0.5990846401218911
PTC,,28,-0.5515952149298794
PTC,,187,-0.2533402607675704
PTC,,226,-0.1673349398928853
PTC,,55,-1.6445141135442964
PTC,,118,0.6391385601228257
PTC,,139,-0.0886197923255101
PTC,,97,-1.9808679428620937
PTC,,241,1.0799970477655698
PTC,,19,-0.5182063092169439
PTC,,85,0.3516537766643792
PTC,,154,0.3229268435430184
PTC,,223,0.5638253450410421
PTC,,142,0.4295386753843903
PTC,,160,-0.2473488410098249
PTC,,139,-0.7039733545935447
PTC,,160,-0.186155065608277
PTC,,139,0.5278395054616462
PTC,,160,-0.225193136409955
PTC,,139,0.5481669757707992
PTC,,49,-0.7672897870973499
PTC,,232,1.617103490682305
PTC,,118,-0.1216723984800407
PTC,,118,-0.0322908267958993
PTC,,118,-0.0506340470778775
PTC,,247,0.3941726904129096
PTC,,184,1.527509461026196
PTC,,34,0.6802305853828319
PTC,,58,-0.98216434887261
PTC,,76,0.4340200927595934
PTC,,223,0.8274395701105264
PTC,,151,0.1742189592663252
PTC,,124,-1.8975459365189635
PTC,,64,-0.4402934267374377
PTC,,16,-0.3974238053153026
PTC,,226,0.1186042472384736
PTC,,76,0.5473651740453982
PTC,,133,-0.4464401460074227
PTC,,172,-0.5734862512911414
PTC,,64,-1.3606759324079043
PTC,,91,0.2070837133887851
PTC,,76,-0.571223917900574
PTC,,118,0.3073689062925537
PTC,,226,1.3506618962937236
PTC,,166,-0.7641134003687347
PTC,,241,0.6680692028184085
PTC,,190,-0.0929886030843855
PTC,,67,0.0502532156025597
PTC,,118,0.8313099175487036
PTC,,46,-0.167304020028858
PTC,,82,-0.4759360402243167
PTC,,187,0.8404642855320397
PTC,,109,-0.7995019035602902
PTC,,76,-0.7893866584129949
PTC,,64,0.6326502307351382
PTC,,121,-0.4924208853222035
PTC,,124,-0.4935552089301135
PTC,,34,-1.6144279021926904
PTC,,52,0.1100227651485419
PTC,,130,-0.7287612430308779
PTC,,58,-0.2621291059820914
PTC,,121,0.7982157196575458
PTC,,121,0.738381042015153
PTC,,157,1.1852317882232415
PTC,,157,1.1300122229063914
PTC,,214,0.5532765417325468
PTC,,250,-0.3402386143969348
PTC,,118,-0.1855858078338456
PTC,,127,-1.7734862948547565
PTC,,154,-1.401192491982348
PTC,,238,1.6125081504104457
PTC,,10,-0.0196592690875846
PTC,,241,-1.4972916019000848
PTC,,97,1.5736435415489844
PTC,,229,0.6137809256738411
PTC,,88,0.5226047738190513
PTC,,178,1.0196189085361995
PTC,,91,-0.709505663937671
PTC,,91,-0.725230896918954
PTC,,37,0.5992636302420572
PTC,,148,-0.5264486035795635
PTC,,130,-0.5164510975720593
PTC,,205,0.0222181336518195
PTC,,112,-0.8062652300141496
PTC,,121,-0.9144659176692662
PTC,,244,0.1331663160373681
PTC,,184,1.094692306916472
PTC,,22,0.0722719734425745
PTC,,202,0.0620918171424204
PTC,,184,-0.4742850791909446
PTC,,133,-1.1041421707612495
PTC,,139,-0.8033724404842693
PTC,,97,-1.2120391201577314
PTC,,148,-0.8689429187585895
PTC,,136,0.2723052697822699
PTC,,43,-0.0917548753623205
PTC,,118,-0.3558022343235621
PTC,,148,2.0000773846993924
PTC,,82,-1.0307962336593055
PTC,,49,-0.3416798619109858
PTC,,4,-0.4643167087377045
PTC,,76,-0.5431929265457168
PTC,,85,0.2386079063557173
PTC,,124,0.6590376328043198
PTC,,28,-0.5504394494788921
PTC,,199,0.1496405168622264
PTC,,208,0.4195526928260873
PTC,,43,0.4275635357838155
PTC,,154,2.0713341813778783
PTC,,118,-0.2948138737661529
PTC,,118,-0.3113581729496323
PTC,,169,1.0062267449655706
PTC,,76,-1.8790523752176769
PTC,,139,1.8345718094178125
PTC,,103,-0.3323567618466514
PTC,,112,0.5905620776229791
PTC,,148,0.9844327014718331
PTC,,142,0.8639832769137564
PTC,,241,1.5170093125937978
PTC,,43,-0.4036901788234726
PTC,,70,-1.0381400134344274
PTC,,163,0.5478518845154132
PTC,,91,-1.6517338370653347
PTC,,154,0.9091537184377096
PTC,,67,-0.1238220947285437
PTC,,181,-0.270563459895037
PTC,,19,-0.7932736990342919
PTC,,124,-1.0121725742463796
PTC,,40,-0.7420511664487568
PTC,,205,1.2775469233876025
PTC,,40,-0.2654780864254099
PTC,,10,-0.4245012432452775
PTC,,151,-1.9157511729983887
PTC,,25,-0.3249430457572512
PTC,,163,1.6604583691553283
PTC,,238,1.02105097305219
PTC,,205,1.583201276417997
PTC,,25,-0.0428222051124886
PTC,,190,0.633413731719695
PTC,,10,-0.266610935913366
PTC,,184,-0.6892622760314767
PTC,,43,-1.2992811820200485
PTC,,232,1.0050751411834689
PTC,,52,-0.6504245487856873
PTC,,76,0.5351858186342041
PTC,,127,0.4957449547353892
PTC,,31,0.1812811280916956
PTC,,184,1.4106741047109534
PTC,,64,0.2720805305595992
PTC,,13,0.0224640762620266
PTC,,85,-0.4192874981474385
PTC,,202,-1.7484140743598775
PTC,,115,1.1452295835208397
PTC,,130,-0.7935357574315229
PTC,,148,0.1681501438706637
PTC,,202,1.901287710427604
PTC,,136,0.5507979097727167
PTC,,10,-0.7198923749932137
PTC,,22,0.6532838884302454
PTC,,82,-0.5759986446551506
PTC,,76,-0.1985680456268163
PTC,,244,-0.1746589071397233
PTC,,76,-0.120860704335103
PTC,,160,0.2476489019554201
PTC,,139,0.277140854071777
PTC,,208,-1.078883897728917
PTC,,46,-1.3697397195340262
PTC,,139,0.4710401388391407
PTC,,232,0.3432662762174611
PTC,,190,1.061796221251066
PTC,,196,0.5948004590264194
PTC,,13,-0.0397716584614445
PTC,,40,-0.2665368141267185
PTC,,178,-0.4563338150944702
PTC,,136,0.131697982523686
PTC,,55,-1.8853800540907149
PTC,,217,0.0204997104135302
PTC,,175,0.1824390743144651
PTC,,121,-0.4032817362605559
PTC,,121,-1.6164935576261703
PTC,,136,0.1056815014854361
PTC,,94,-1.2591660037202488
PTC,,58,-0.3436131132244355
PTC,,46,-0.2269564097266374
PTC,,97,-0.2094093977840883
PTC,,37,-0.3292525814199283
PTC,,238,1.197111554633479
PTC,,157,-0.1964956216831136
PTC,,34,0.0564926183019249
PTC,,115,0.3195742296096857
PTC,,166,0.6741670533227938
PTC,,130,1.284004200938815
PTC,,199,1.3182270906298017
PTC,,46,1.5665314216385495
PTC,,247,0.4778420707722212
PTC,,196,1.9719077393690865
PTC,,244,-0.0987828674812485
PTC,,82,1.8622660037961611
PTC,,142,0.8042474065025174
PTC,,151,0.1213021614825558
PTC,,70,2.121065177846129
PTC,,208,-1.069562928779733
PTC,,250,-0.529790091795886
PTC,,124,0.3113104289198448
PTC,,124,0.3551521381442679
PTC,,46,-0.7495710454930006
PTC,,34,0.1155731787905021
PTC,,142,-0.5556029480164432
PTC,,166,0.3286936542148669
PTC,,151,-0.1739589509806978
PTC,,127,0.4133592006166379
PTC,,70,1.5193171433541222
PTC,,190,0.4692471505138249
PTC,,37,-0.1149841442295985
PTC,,175,0.2739233751194852
PTC,,121,0.6282372518701907
PTC,,136,-0.2806755300466704
PTC,,145,-1.7480324901413555
PTC,,163,0.6973313818670596
PTC,,61,-1.4498401516321742
PTC,,241,-0.6971496133533772
PTC,,169,0.1163537653126148
PTC,,160,0.2062123642044714
PTC,,85,-1.3695360582989669
PTC,,88,-0.0896147374801367
PTC,,88,-0.0320674207159386
PTC,,109,-0.7226363980892943
PTC,,88,-0.2719414337538987
PTC,,25,0.4385621155304461
PTC,,190,0.465211158695464
PTC,,61,0.4395276465443258
PTC,,40,-1.1747261051139333
PTC,,106,0.7870761280026218
PTC,,226,0.4248819114968338
PTC,,196,1.0674002870579866
PTC,,181,-1.059124895414852
PTC,,49,-0.2166254875830522
PTC,,85,-1.1250737694880726
PTC,,214,-1.3446327631917032
PTC,,154,-0.2473528370207957
PTC,,25,-0.7264837646017432
PTC,,166,-1.5843756581627697
PTC,,148,-0.3992157240095149
PTC,,214,-0.2135391438820385
PTC,,130,-0.1499685463989416
PTC,,16,-1.1782911177617128
PTC,,172,0.8769174599716303
PTC,,82,0.5375515950437786
PTC,,199,0.360630572794658
PTC,,190,0.3411233159295264
PTC,,118,1.836652635781557
PTC,,208,1.8149152890985396
PTC,,178,-1.3893794128199692
PTC,,187,0.7771725760245087
PTC,,199,-0.1948178573593325
PTC,,130,0.2480634516378121
PTC,,250,0.0630494115828924
PTC,,4,-0.6921204430656653
PTC,,13,-0.2248018890455711
PTC,,13,-0.2279329834673116
PTC,,4,-0.2670963663868863
PTC,,145,1.1547111823327598
PTC,,151,-1.2089983450998083
PTC,,181,-0.0619455295077535
PTC,,88,0.2199645460031706
PTC,,97,-0.7315748549213599
PTC,,73,-0.7155620697883721
PTC,,232,0.887770959532855
PTC,,73,-0.6452515705928644
PTC,,82,0.0475730972036828
PTC,,127,-0.8142414976447168
PTC,,145,1.5551609014540717
PTC,,184,-0.5850371966381218
PTC,,172,-0.3262639390619858
PTC,,211,-0.6807273345690543
PTC,,250,1.29139035651913
PTC,,82,0.0621012970322993
PTC,,229,0.7542685815173044
PTC,,235,0.3003052935816138
PTC,,133,0.4047440739886314
PTC,,202,0.4947363203377851
PTC,,208,-0.4750176886432823
PTC,,214,1.232459177077759
PTC,,124,1.713546681787117
PTC,,16,-0.2687050820287378
PTC,,16,-0.306876909363273
PTC,,37,-0.2784156338717044
PTC,,223,1.959591867289342
PTC,,226,0.96874874846016
PTC,,34,-0.653963072126046
PTC,,4,-0.0690875521337633
PTC,,130,0.2347412830431817
PTC,,172,-1.7219890036033807
PTC,,25,-0.5838069737631456
PTC,,109,0.187107398749626
PTC,,103,1.2920621357602544
PTC,,49,-0.2003627549455683
PTC,,133,-0.559400293727239
PTC,,7,-0.6707931243373285
PTC,,106,0.8009051411325986
PTC,,124,-0.2530083240986989
PTC,,157,1.9087779400322755
PTC,,151,0.8039498790612092
PTC,,100,-0.9849189300803396
PTC,,226,0.4361152884376055
PTC,,196,-0.6523412874317805
PTC,,88,-2.025869674040352
PTC,,118,-0.3694181594690867
PTC,,187,0.0711328311712277
PTC,,238,-0.7717486031046547
PTC,,85,-0.2323766049192408
PTC,,94,-1.0832259267608262
PTC,,250,-0.1567157104532486
PTC,,223,0.014713213416278
PTC,,157,-1.0209459575389217
PTC,,211,0.1321012177868699
PTC,,148,-0.1748867276523319
PTC,,106,-0.1799055746956289
PTC,,64,-0.5561958750012682
PTC,,106,-0.6354801207337271
PTC,,151,0.227273366726472
PTC,,19,1.2206695343193772
PTC,,178,-0.1514852236010352
PTC,,70,-1.2470697912454818
PTC,,157,0.1576759220832312
PTC,,190,-0.1927151607634328
PTC,,124,0.0366142975130977
PTC,,244,0.2341794027775328
PTC,,154,0.2788583054379586
PTC,,202,-0.0151970182630604
PTC,,169,-1.675905902701835
PTC,,58,-0.4796041138043755
PTC,,10,-0.258209921748052
PTC,,115,-0.1303514961633363
PTC,,37,-0.4747802703505105
PTC,,232,-0.8562501443527535
PTC,,124,0.3858671110814781
PTC,,232,-0.2621698291798134
PTC,,46,0.3446254366879566
PTC,,76,-0.7572962810075005
PTC,,97,-0.5493037721256415
PTC,,184,0.0241079164002657
PTC,,127,-1.010854316160643
PTC,,172,-0.3064246347775561
PTC,,67,-0.3104887225052399
PTC,,19,-0.6153328220879236
PTC,,112,-0.8134057685925554
PTC,,13,-1.0329617258073034
PTC,,190,-0.3926861221879244
PTC,,190,-0.3483890249305002
PTC,,16,0.4854298444878762
PTC,,100,-1.815992587719876
PTC,,238,-0.3087090194184858
PTC,,217,0.8789767623665684
PTC,,163,0.2050153111336426
PTC,,103,0.3562927200121281
PTC,,223,-0.0952647550515368
PTC,,58,-0.4915340528299667
PTC,,49,-0.0885412132366391
PTC,,13,-1.1166029413450689
PTC,,151,0.1916792917735675
PTC,,16,-1.2290773660310976
PTC,,16,-1.2412436732259629
PTC,,40,-0.4617812229637897
PTC,,250,-1.8000382477116967
PTC,,187,-0.1573370120128315
PTC,,139,0.2897173561258015
PTC,,112,-0.859090399420167
PTC,,61,-1.0029742309965075
PTC,,142,0.325700785249737
PTC,,4,-0.7786354759871312
PTC,,100,-1.8003822335602502
PTC,,139,1.761999384792602
PTC,,16,0.4644449987929284
PTC,,28,-0.7307494911858902
PTC,,121,-1.2821753702456749
PTC,,10,0.8566987493417315
PTC,,118,-0.2819451343618886
PTC,,82,-0.3073284724887002
PTC,,175,-0.2191164241422723
PTC,,175,-0.2506135217638374
PTC,,73,-0.3419405773077001
PTC,,247,0.0490429445425676
PTC,,40,0.3161986648258085
PTC,,112,-1.5155834730165147
PTC,,172,-1.955745097487396
PTC,,73,-0.5008658580084291
PTC,,94,1.5047081286177375
PTC,,85,-1.4862002021121798
PTC,,52,-1.5152209757167856
PTC,,124,0.4566027746569301
PTC,,163,-0.0577703946677417
PTC,,211,0.6543215120931687
PTC,,202,0.2691986537549439
PTC,,49,-0.9516390288603068
PTC,,178,0.4782705735912689
PTC,,34,-0.7895819748662876
PTC,,43,-0.8099258013058572
PTC,,7,-0.6739514689205164
PTC,,169,0.8547863528422797
PTC,,103,-1.0858755576633774
PTC,,82,-0.3351708609521595
PTC,,193,-0.3439567400114239
PTC,,241,-0.768420403844286
PTC,,28,-0.3396952271859257
PTC,,136,0.004695456274648
PTC,,61,-1.9624312431885456
PTC,,43,-0.7270003340315716
PTC,,226,0.6742102000383391
PTC,,7,-0.0067398252408114
PTC,,31,0.2010405672941962
PTC,,31,-0.8521865789616938
PTC,,49,-0.599173474013574
PTC,,61,-0.5207348812402359
PTC,,64,-0.6415165044630965
PTC,,31,-0.8415474622837257
PTC,,49,-0.4987079463122246
PTC,,61,-0.498860859353413
PTC,,64,-0.5827716184755781
PTC,,85,-0.7070860129959942
PTC,,109,0.7699975961124371
PTC,,112,-1.6284002469896124
PTC,,91,-0.5489011529139537
PTC,,73,-0.5728342913958798
PTC,,190,1.4922017670564272
PTC,,31,-0.1219909356951022
PTC,,145,-0.1618306029325055
PTC,,25,-0.4204314050717106
PTC,,229,1.3007006527595857
PTC,,16,0.8064438381351924
PTC,,145,-0.7580134144023731
PTC,,166,-1.0897275719058752
PTC,,31,-1.0523018582014214
PTC,,34,-0.1975566407024379
PTC,,163,1.6565998130679622
PTC,,175,0.136539025919732
PTC,,13,0.0504033523767768
PTC,,22,0.1483373622006058
PTC,,19,-0.535864625113195
PTC,,49,-0.626696836648048
PTC,,28,0.1043687783422512
PTC,,214,0.8369226142620184
PTC,,226,0.5578263182673354
PTC,,172,-0.6207305847966381
PTC,,94,-0.4949672651331067
PTC,,193,-0.2697038645879374
PTC,,172,1.7342949146014852
PTC,,118,1.0075476742819764
PTC,,142,0.4169589545622336
PTC,,49,-1.0007630277240798
PTC,,226,-0.6826837869517722
PTC,,193,-0.4585554407645665
PTC,,151,-0.1226363814371709
PTC,,106,0.1707853321567649
PTC,,103,-0.2049490518148125
PTC,,13,-0.0568689333972285
PTC,,49,-0.8509064330578191
PTC,,181,-0.7411950335059011
PTC,,193,1.5697108393172203
PTC,,193,1.116397847979719
PTC,,7,-1.15391365837631
PTC,,202,0.4043707747500835
PTC,,172,0.4036828502326012
PTC,,133,-0.5388289591590714
PTC,,229,0.1432159255866537
PTC,,58,-0.1753384855991935
PTC,,106,-0.1905380007196958
PTC,,226,0.1250699592391643
PTC,,13,-1.1732552709599635
PTC,,208,-0.379236227809097
PTC,,142,-0.807644878135602
PTC,,211,-0.7222155411549034
PTC,,124,0.613378097155193
PTC,,124,0.5098247506837018
PTC,,151,-0.2478788051602311
PTC,,73,-0.5291957253334407
PTC,,145,-1.1551550144566096
PTC,,217,0.6261428560256832
PTC,,172,-0.7055192316299453
PTC,,172,0.0750527879667465
PTC,,196,0.4500844299113555
PTC,,190,0.4676141793688588
PTC,,247,1.081451669649001
PTC,,76,-0.6902362293370157
PTC,,97,-0.5140005477612618
PTC,,223,-1.791843345791838
PTC,,70,0.6002379141761486
PTC,,154,-0.0941335871438702
PTC,,49,-1.239530278899324
PTC,,76,-1.300067481067842
PTC,,70,-0.9339423017054902
PTC,,97,-0.5199202404999653
PTC,,58,1.076323129599721
PTC,,193,1.3165329967969626
PTC,,241,-0.4280148991141015
PTC,,16,0.0457638006435787
PTC,,130,-0.5079833421109475
PTC,,217,0.2441375137792711
PTC,,112,0.0921501989460332
PTC,,67,-0.2703022584645227
PTC,,172,1.3788244000677712
PTC,,160,1.163841697519763
PTC,,76,-0.9704039904162388
PTC,,187,-0.8055252042192858
PTC,,202,-0.2946061368946983
PTC,,34,-0.7666637535774421
PTC,,25,-0.6630785904577792
PTC,,220,-0.5289111991399615
PTC,,151,-0.9251159815732348
PTC,,190,0.0281741915303413
PTC,,199,-1.356885127903588
PTC,,106,-1.191810370056117
PTC,,22,-0.5912624588706943
PTC,,154,1.1952328554903375
PTC,,178,-0.0353448623799552
PTC,,181,-1.4910770057537397
PTC,,58,-0.6250961120102724
PTC,,67,-1.2838596289945006
PTC,,127,-1.6525688494033766
PTC,,172,-0.7569218897943132
PTC,,88,-0.2580751971086334
PTC,,61,0.0538938657643475
PTC,,124,-0.7319211425529072
PTC,,166,-0.3246962810910469
PTC,,121,0.3005634732562898
PTC,,55,-0.7709479973625876
PTC,,58,0.4188150685246413
PTC,,115,-0.1075817231755787
PTC,,88,-1.2474183541759245
PTC,,232,0.1349696804812041
PTC,,181,0.8363982638362626
PTC,,25,0.0399450257644007
PTC,,220,1.5934845204428525
PTC,,235,1.5825755375247463
PTC,,37,-0.7882549651292349
PTC,,235,-0.4573801485376484
PTC,,22,-0.1784030940598857
PTC,,103,-0.2307104465958181
PTC,,151,1.5520527031434108
PTC,,109,-1.1485319238794174
PTC,,136,0.8941839990606611
PTC,,241,0.698758419908792
PTC,,154,1.4438595388173254
PTC,,157,-1.4460699237243786
PTC,,118,0.0228578278986619
PTC,,67,-0.592806998691206
PTC,,244,0.621592017034412
PTC,,115,0.1084524767208829
PTC,,67,-1.25653182064204
PTC,,232,0.335150032158479
PTC,,232,0.2451332551208213
PTC,,19,-1.9361092063813192
PTC,,43,-1.023258119155401
PTC,,46,-1.2659963551507352
PTC,,49,-1.164588604185019
PTC,,106,-0.4437202470554344
PTC,,136,-0.7198376674656584
PTC,,193,-0.6917897246156441
PTC,,142,0.5678989824928407
PTC,,229,1.7592247898659576
PTC,,46,-0.7256148119297485
PTC,,154,-0.6220851217553212
PTC,,106,0.898807149093316
PTC,,160,-1.4722147898759512
PTC,,205,0.7503874759146989
PTC,,190,-0.3835992756429119
PTC,,181,-0.5988347720437708
PTC,,208,-0.2814698647487202
PTC,,106,-0.8029684593621723
PTC,,250,0.9319331556626884
PTC,,235,0.9969892297097788
PTC,,76,0.4123797860949463
PTC,,139,-0.3517734089252516
PTC,,37,-0.4803053667745633
PTC,,37,-0.3797512860277331
PTC,,31,-0.35600786545686
PTC,,94,0.0176666127846633
PTC,,31,-0.307362422646717
PTC,,94,0.0111141692709939
PTC,,238,-0.0270987789848042
PTC,,70,0.025311156725292
PTC,,151,-1.0676520754515857
PTC,,16,-0.0801996854997539
PTC,,139,-0.780489709619655
PTC,,187,0.4417657900876551
PTC,,178,-0.5744803106599602
PTC,,46,-0.2676452248475491
PTC,,37,-0.7228186922568461
PTC,,10,-0.2297159232046818
PTC,,58,-0.1750243561121935
PTC,,142,0.002126987954326
PTC,,199,1.307441163870609
PTC,,229,-0.5382995779187261
PTC,,43,-0.7860845815182973
PTC,,97,0.3395686023601925
PTC,,133,-0.2937446917986015
PTC,,64,-1.752705341698823
PTC,,109,-0.1311899308771377
PTC,,124,-0.5053024053402639
PTC,,103,1.320387492825648
PTC,,76,1.2530239226211404
PTC,,25,0.0599331525945296
PTC,,7,-0.8335740209756526
PTC,,46,-0.7911995632011338
PTC,,61,-1.490027779437616
PTC,,244,0.5883896573896156
PTC,,238,-0.6502396574514351
PTC,,151,0.0307162483540328
PTC,,139,0.4159716524170716
PTC,,250,-0.0153376918968503
PTC,,73,-0.1976402401039602
PTC,,160,0.5061841488764481
PTC,,220,0.3974974121291136
PTC,,148,0.6638125774440021
PTC,,85,-0.1315416987041364
PTC,,169,-1.9786090183204612
PTC,,124,0.9549119009099944
PTC,,235,0.7637365157452547
PTC,,217,-0.6807264991831424
PTC,,115,1.9490063923164764
PTC,,82,-0.2191041713762156
PTC,,232,-0.015030941412036
PTC,,103,-0.3452722193929857
PTC,,133,1.0862383901052357
PTC,,196,0.4993968991515857
PTC,,196,0.5258977020118046
PTC,,214,0.3814474294862085
PTC,,172,1.072894839546426
PTC,,187,0.2361779224437278
PTC,,136,-1.6974764558746696
PTC,,34,0.3487962541996232
PTC,,16,-0.0648556037691838
PTC,,178,0.340936418040095
PTC,,43,0.0779367050170594
PTC,,28,0.2699449678834235
PTC,,238,-0.482640633429581
PTC,,238,-0.36473456081843
PTC,,163,0.6987706351444576
PTC,,151,-0.2506902034819755
PTC,,22,-0.6872798802864477
PTC,,64,-1.05386117326575
PTC,,235,0.4088516279625083
PTC,,127,-1.3990537563347023
PTC,,109,0.1291723070404725
PTC,,16,-0.1611675779388533
PTC,,22,0.3582183728773597
PTC,,187,-0.522611574391922
PTC,,250,1.5838051734232437
PTC,,88,-1.31411768992022
PTC,,76,-0.3056915565712956
PTC,,220,0.4624872475063392
PTC,,157,0.1957994235627804
PTC,,34,-1.3477942974548305
PTC,,196,-1.211348126518946
PTC,,16,0.2719997659945009
PTC,,25,-1.1151282404147425
PTC,,46,0.1287147472651263
PTC,,208,-0.9026850258875826
PTC,,199,0.1129341973102832
PTC,,199,0.1451941574286094
PTC,,97,-1.0365737467196328
PTC,,22,1.3994861896255082
PTC,,100,-1.842723585765052
PTC,,88,0.3441768828963056
PTC,,130,0.8350387271927785
PTC,,103,0.0310889569289417
PTC,,19,0.4134114131127754
PTC,,154,-0.1803452328349294
PTC,,223,0.8899946737373016
PTC,,184,1.9020730813712772
PTC,,97,-0.4652182363085238
PTC,,202,0.7917482317613084
PTC,,61,-0.97934975304407
PTC,,115,-0.8335753003048767
PTC,,40,-0.7388534460336804
PTC,,121,0.7998587709686898
PTC,,82,0.1338373151255679
PTC,,13,-0.8451055109017938
PTC,,64,0.7967332749829892
PTC,,163,0.5514465366991701
PTC,,166,1.0640393745291077
PTC,,241,-0.2125591901610345
PTC,,76,-0.5289653834465402
PTC,,55,-0.945890893733646
PTC,,55,-0.931782883189459
PTC,,55,-0.8755400657268849
PTC,,55,-0.954248141214262
PTC,,160,1.9408329345351645
PTC,,160,1.92768830594038
PTC,,19,-0.5422609055172589
